id,title,content,timestamp,author
1,Bem-vindos ao Fórum Dois de Muitos,"Este é um espaço para compartilhar conhecimentos sobre permacultura, agroecologia, artes e saberes tradicionais. Sintam-se à vontade para participar!",2025-05-10 01:20:34,admin
2,Como iniciar um projeto de permacultura em pequena escala?,Quais os primeiros passos para aplicar os princípios da permacultura em um terreno de 1 hectare? Quais são os erros mais comuns para iniciantes?,2025-05-10 01:20:34,guardiao_verde
3,Rituais e saberes ancestrais na arte contemporânea,Alguém aqui já participou de projetos que integram expressões culturais tradicionais com linguagens artísticas modernas? Busco referências para um espetáculo multimídia inspirado em mitos da floresta.,2025-05-10 01:20:34,arte_ancestral
4,Adubação natural: como fazer biofertilizantes caseiros?,Estou começando uma horta agroecológica e quero evitar insumos industrializados. Quais receitas vocês recomendam para fazer biofertilizantes e compostos naturais?,2025-05-10 01:20:34,caminhante_agroecologico
5,Teatro como ferramenta de educação ambiental,Tenho interesse em desenvolver peças teatrais que promovam consciência ecológica. Alguém tem experiência com teatro fórum ou teatro do oprimido voltado à sustentabilidade?,2025-05-10 01:20:34,teatro_raiz
6,Artesanato com reaproveitamento: ideias para oficinas comunitárias,Quais tipos de materiais reaproveitados funcionam melhor em oficinas com crianças e adultos? Estou montando um projeto de arte e renda para mulheres em zona rural.,2025-05-10 01:20:34,feira_sustentavel
7,Como planejar uma agrofloresta biodiversa na Mata Atlântica?,Quero dicas de espécies nativas e estratégias de estratificação para criar um sistema agroflorestal que respeite o bioma local. Sugestões de combinações produtivas?,2025-05-10 01:20:34,caminhante_agroecologico
8,O papel da arte na regeneração de territórios,"Tenho estudado como murais, música e poesia podem ajudar na cura coletiva de comunidades em transição. Alguém conhece projetos inspiradores nessa linha?",2025-05-10 01:20:34,arte_ancestral
9,Feiras sustentáveis: como organizar trocas e exposições locais?,"Estamos organizando uma feira mensal com trocas, apresentações artísticas e produtos da roça. Ideias de estrutura, divulgação e atividades intergeracionais são bem-vindas!",2025-05-10 01:20:34,feira_sustentavel
10,Vida simples no campo: desafios e aprendizados,"Depois de 8 meses vivendo em uma ecovila, compartilho reflexões sobre coletividade, cuidado com a terra e autonomia. Quem mais aqui já viveu algo parecido?",2025-05-10 01:20:34,guardiao_verde
11,Teatro ritual e celebrações da natureza,"Busco referências de encenações ou vivências que celebrem os ciclos da terra, como solstícios e equinócios, integrando música, corpo e espiritualidade.",2025-05-10 01:20:34,teatro_raiz
12,Construções naturais: tecnologias para bioconstrução,"Estou planejando uma construção usando técnicas de bioconstrução. Alguém tem experiência com superadobe, taipa de mão ou pau-a-pique no clima tropical? Quais técnicas são mais duráveis durante a estação chuvosa?",2025-05-10 01:20:34,guardiao_verde
13,Sementes crioulas: preservação e troca,Estamos organizando um banco de sementes comunitário e buscamos parceiros para troca de variedades crioulas. Alguém aqui guarda e multiplica sementes adaptadas à sua região? Vamos conectar guardiões de sementes!,2025-05-10 01:20:34,caminhante_agroecologico
14,Danças circulares e saberes tradicionais,Como podemos integrar danças circulares de diferentes culturas em trabalhos de reconexão comunitária? Procuro repertório de cantos e danças que celebrem a terra e os elementos naturais.,2025-05-10 01:20:34,arte_ancestral
15,Captação e manejo sustentável de água,"Quais sistemas de captação de água da chuva têm funcionado melhor em áreas rurais? Estou projetando um sistema integrado com açudes, swales e cisternas. Dicas para dimensionamento?",2025-05-10 01:20:34,guardiao_verde
16,Ervas medicinais e saberes populares,Quem tem experiência com cultivo de farmácia viva e processamento de ervas medicinais? Estamos resgatando saberes de plantas locais e buscamos informações sobre preparos tradicionais.,2025-05-10 01:20:34,feira_sustentavel
17,Integração de animais em sistemas agroflorestais,"Como integrar galinhas, abelhas e outros pequenos animais em um sistema agroflorestal jovem? Quais cuidados tomar para que os animais contribuam sem prejudicar as plantas?",2025-05-10 01:20:34,caminhante_agroecologico
18,Técnicas de facilitação para encontros comunitários,Busco métodos eficientes para facilitar reuniões e tomadas de decisão em grupos heterogêneos. Como lidar com conflitos e criar espaços seguros para que todos se expressem?,2025-05-10 01:20:34,teatro_raiz
19,Arte têxtil com fibras e tintas naturais,Alguém trabalha com tecelagem e tingimento natural? Quero aprender sobre extração sustentável de fibras locais e corantes vegetais que não agridam o meio ambiente.,2025-05-10 01:20:34,arte_ancestral
20,Fogões eficientes e energia limpa,"Estamos pesquisando alternativas para fogões rocket, biodigestor e outras tecnologias de baixo impacto para cozinhas coletivas. Quais experiências têm sido mais duradouras?",2025-05-10 01:20:34,feira_sustentavel
21,Mutirões agroecológicos: como organizar,"Quais as melhores práticas para organizar mutirões produtivos e educativos em agroecologia? Como equilibrar trabalho, aprendizado e celebração para que todos saiam satisfeitos?",2025-05-10 01:20:34,caminhante_agroecologico
22,Curiosidades sobre as Amorazinhas: Da Planta ao Benefício! 🍇🌱,"Sabia que...
A cada ano, as plantas de amora produzem novas varas a partir da coroa abaixo da superfície do solo e das raízes que se estendem a uma certa distância. Cada vara vive por dois anos: no primeiro ano, ela só produz folhas, e no segundo, ela dá frutos! 🍃🍇

Dica de jardinagem:
Os jardineiros de amora e framboesa podem aumentar significativamente a produção de frutas com uma técnica chamada ""beliscamento"" (ou pinçamento), segundo especialistas da Universidade de Illinois Extension. “O verão é a época ideal para beliscar amoras e framboesas”, dizem eles. Esse método estimula o crescimento de ramos laterais e pode aumentar a produção de frutas em até 3 a 5 vezes mais! 🌱🍇

Como funciona o beliscamento?
É simples: basta remover os 5 a 7 centímetros superiores do primocano (crescimento do ano atual). Isso incentiva a planta a desenvolver mais gemas laterais, gerando mais frutos no segundo ano. 🍃🍓

📚 Fatos interessantes sobre as amoras:

    As amoras têm sido usadas por mulheres em trabalho de parto para aliviar a dor, devido aos altos níveis de vitamina K, que atuam como relaxante muscular. 💪

    Existem cerca de 375 espécies de amora espalhadas pelo mundo! 🌍

    Os gregos usavam amoras como remédio para gota, e os romanos faziam chá das folhas da planta para tratar várias doenças. 🍵

    As amoras são ricas em cobre, essencial para o metabolismo ósseo e a produção de glóbulos brancos e vermelhos no corpo. 🩸

    A cor escura das amoras indica o alto nível de antioxidantes, que ajudam a reduzir o risco de diversos tipos de câncer. 🍇

    As abelhas que se alimentam das flores de amora produzem um mel de cor escura e sabor frutado. 🍯

    Outros nomes para amoras incluem lawers, thimbleberries, dewberries e brambleberries. 🌿

    Se você vir uma planta de amora ficar laranja, destrua-a. Isso é sinal de uma doença fúngica grave que não tem cura. 🚨

    Consumir amoras pode ajudar a fortalecer os tecidos e melhorar a aparência da pele, fazendo-a parecer mais jovem. 🌸

    O consumo prolongado de amoras também ajuda a manter o cérebro alerta, promovendo boa memória e clareza de pensamento! 🧠

As amoras não são apenas deliciosas, mas também têm muitos benefícios para a saúde e o bem-estar! 🍇🌱  (Praticas Agroecologicas - @ecovilasustentar)",2025-05-10 01:24:08,caminhante_agroecologico
23,Mel Cristalizado? Não Jogue Fora! 💛 Dica de Apicultor 🐝,"Mel! NÃO JOGUE FORA...
Você sabia que o mel nunca estraga? Isso mesmo! Às vezes, ele pode ficar cristalizado ou até parecer separado no pote, mas isso não significa que ele está ruim. 🐝💛

Por que isso acontece?
A cristalização acontece quando há um desequilíbrio entre os dois açúcares no mel — glicose e frutose. As abelhas geralmente equilibram isso perfeitamente, mas às vezes o mel é colhido do favo antes de estar completamente fechado. Isso ocorre quando as abelhas não terminaram o processo, mas não tem problema! 🐝🍯

O que fazer quando o mel cristaliza?
Não se preocupe! Para devolver o mel à sua forma original, basta colocar o pote em água morna (não quente) e mexer lentamente. Em cerca de 20 minutos, o mel voltará ao seu perfeito dourado e sabor incrível! E o melhor de tudo: ele ainda é totalmente comestível. 🍯✨

Curiosidade interessante:
Arqueólogos já encontraram mel de 3.000 anos em tumbas egípcias, e ele ainda estava perfeitamente comestível! 😱 Isso prova que o mel é um dos alimentos mais duráveis do mundo.

Lembre-se:
A menos que o mel esteja contaminado com alguma substância estranha, ele NUNCA estraga. Então, da próxima vez que encontrar mel cristalizado no seu armário, basta aquecê-lo e voltar a usá-lo. Nada de desperdício, o mel é caro e delicioso! 🥯🍯

Espero que isso ajude e que você aproveite sua próxima torrada com manteiga e mel! 😄 (Candeo Bee - @ecovilasustentar)",2025-05-10 01:28:49,caminhante_agroecologico
24,Você Sabia Que o Solo É Composto Por Camadas? 🌱,"Sabia que o solo é constituído por camadas?
É verdade! O solo não é uma única massa homogênea. Ele é composto por várias camadas, cada uma com suas próprias características e funções específicas. Aqui estão algumas delas:

 - Camada superficial (Horizonte O):
Esta camada é rica em matéria orgânica como folhas em decomposição e restos de plantas. É nela que ocorre a decomposição, transformando matéria orgânica em húmus, o que é essencial para a fertilidade do solo. Solos com uma boa camada orgânica são mais produtivos, além de reterem melhor água e nutrientes, tornando-os mais adequados para o cultivo. 🌿

 - Camada arável (Horizonte A):
Abaixo da camada O, encontramos o horizonte A, também chamado de camada arável. Esta camada é onde se concentra a maioria da vida do solo: raízes, minhocas e microrganismos. É rica em nutrientes e tem um papel fundamental no cultivo de plantas, pois fornece o ambiente ideal para as raízes crescerem e absorverem água e minerais. 🌱🌍

 - Camada B (Horizonte B):
Abaixo do horizonte A, temos o horizonte B, uma camada menos fértil, mas igualmente importante para a estrutura do solo. Nela, encontram-se minerais acumulados das camadas superiores, que ajudam a manter a estabilidade do solo.

A interação entre essas camadas permite que o solo seja um ecossistema equilibrado, fundamental para o crescimento das plantas e o sustento de diversas formas de vida. 🌻
(Sustentabilidade Integral, 2024)",2025-05-10 02:28:26,caminhante_agroecologico
25,O Bambú: Uma Planta Sustentável com Benefícios Ambientais Incríveis 🌱🌍,"Você sabia que o bambu é uma das plantas mais fascinantes e sustentáveis do planeta? Embora algumas espécies, como o bambu ""correndo"", possam ser invasivas, seus benefícios ambientais superam em muito essa desvantagem quando manejados corretamente. Aqui estão alguns dos incríveis benefícios do bambu:

🌱 Taxa de Crescimento Extraordinária
O bambu detém o título de planta de crescimento mais rápido do mundo! Algumas espécies podem crescer até 1,20 metros em apenas 24 horas. Em condições ideais, ele pode ultrapassar 1 metro por dia, atingindo sua altura total em menos de um ano. Comparado a árvores de madeira macia, que levam de 20 a 30 anos para amadurecer, o bambu é um recurso altamente renovável. 🌿

🌳 Produção de Oxigênio e Absorção de Carbono
O bambu tem um papel essencial na produção de oxigênio e na absorção de dióxido de carbono. Um grove de bambu pode liberar 35% mais oxigênio do que as árvores e pode absorver até 17 toneladas de CO₂ por hectare anualmente. Isso ajuda a mitigar as mudanças climáticas e a melhorar a qualidade do ar. 🌍

💧 Baixa Manutenção e Resistência à Seca
O bambu é uma planta de baixa manutenção, não exigindo fertilizantes para crescer. Ele auto-mulcha ao soltar suas folhas, devolvendo nutrientes ao solo. Além disso, o bambu é altamente resistente à seca, graças ao seu sistema radicular profundo que ajuda a evitar a erosão do solo. 🌞

🏗️ Força e Versatilidade
Por séculos, o bambu tem sido usado como material de construção devido à sua força e versatilidade. É utilizado em andaimes, construções, pontes e até casas. Apesar de ser leve, é incrivelmente robusto e durável, frequentemente superando materiais convencionais. Além disso, sua colheita ocorre em apenas 3 a 5 anos, oferecendo uma alternativa sustentável à madeira tradicional. 🏠

🌞 Ar Condicionado Natural
Em regiões com altas temperaturas, o bambu age como um ar-condicionado natural, resfriando o ambiente em até 8 graus Fahrenheit (aproximadamente 4,4ºC). Essa característica torna o bambu ideal para áreas que necessitam de alívio térmico, ao mesmo tempo que oferece benefícios ambientais. 🌡️

🔍 Gerenciando a Invasividade
Embora algumas espécies de bambu possam ser invasivas devido ao seu sistema radicular expansivo, isso pode ser controlado com técnicas de plantio adequadas e manutenção regular. Nem todas as espécies de bambu são invasivas, e com os cuidados certos, o bambu pode ter um impacto positivo no ecossistema. 🌿

🌍 Conclusão
O bambu é um recurso extraordinário para o futuro sustentável. De sua rápida taxa de crescimento à sua capacidade de sequestrar carbono, ele oferece benefícios que vão desde a construção ecológica até o combate às mudanças climáticas. Com o manejo adequado, o bambu pode enriquecer ecossistemas e contribuir para um planeta mais verde e equilibrado. 🌱

FAJARDO, J. et al. Bamboo as a renewable resource for sustainable development. Renewable and Sustainable Energy Reviews, v. 60, p. 169–181, 2016.",2025-05-10 02:31:30,caminhante_agroecologico
26,A Importância das Árvores: Mais do que Apenas Folhas 🌳💚,"Derrubar uma árvore não é uma decisão simples. Seja para construir uma estrada, uma casa ou porque as folhas estão sujando o terraço e bloqueando os canais, precisamos refletir sobre as consequências. As árvores desempenham um papel essencial para o equilíbrio do nosso planeta. Aqui estão algumas razões pelas quais não devemos subestimar a importância das árvores:

🌱 Absorção de CO₂ e Produção de O₂
As árvores são fábricas naturais de oxigênio! Elas absorvem o CO₂, um gás responsável pelas mudanças climáticas, e transformam-no em O₂, que é vital para a nossa respiração. Além disso, as árvores armazenam carbono, ajudando a mitigar os efeitos do aquecimento global. 🌍

🌳 Recarga dos Lençóis Freáticos
As raízes das árvores, especialmente as verticais, têm um papel crucial em recarregar os lençóis freáticos, servindo como guias para que a água da chuva penetre profundamente no solo. Sem árvores, muitas regiões podem enfrentar problemas de escassez de água. 💧

🌞 Reflexão e Absorção da Radiação Solar
As árvores também têm uma função de proteção solar! Elas absorvem e refletem parte da radiação solar, ajudando a manter as temperaturas mais amenas, o que é vital para o equilíbrio climático e para o conforto das áreas ao seu redor. 🌤️

🌿 Manutenção do Frescor Local
Ao realizar o fenômeno da vaporização, as árvores contribuem para a criação de nuvens e mantêm o frescor local, um alívio no calor urbano. Essa evaporação ajuda a resfriar as cidades e torna o ambiente mais agradável. 🌬️

🍂 Alimento para o Solo e para Si Mesma
As folhas das árvores não são apenas bonitas e decorativas; elas se decompõem e viram nutrientes que enriquecem o solo. Além disso, as raízes horizontais das árvores ajudam a recuperar nutrientes essenciais, promovendo a saúde do solo. 🌾

🌱 Interação com o Micélio
As árvores se comunicam com o micélio (fungos do solo) através das raízes, oferecendo açúcar em troca de nutrientes, formando uma simbiose essencial para o ecossistema. 🍄

🌫️ Absorção de Poluentes
Elas ajudam a melhorar a qualidade do ar, absorvendo poeira e gases poluentes, filtrando o ar e tornando-o mais limpo para nós e para os outros seres vivos. 🌿

🐦 Habitat e Alimento para a Fauna
As árvores são um habitat vital para pássaros, insetos e roedores. Elas fornecem alimento e refúgio para inúmeras espécies, sendo essenciais para a biodiversidade. 🌳🐦

🔊 Barreira Sonora e Visual
Além disso, as árvores podem atuar como barreiras sonoras e visuais, ajudando a reduzir o ruído e criando espaços mais tranquilos e agradáveis para viver. 🚧🌿

🌍 Em Resumo:
Além de capturar CO₂, uma árvore oferece uma infinidade de benefícios: fresco, água, oxigênio e muito mais! Elas são a única tecnologia que pode verdadeiramente nos salvar, contribuindo para a sustentabilidade do planeta.

Plante uma árvore! 🌳
(coletados grupo Agroecologia, 2024, JT Veiga)",2025-05-10 02:33:19,caminhante_agroecologico
27,Denuncie Crimes Ambientais com o Novo Aplicativo do Ministério Público 🌍,"O Ministério Público lançou um aplicativo inovador para ajudar a combater os crimes ambientais em todo o Brasil! O melhor de tudo? As denúncias são anônimas, garantindo a segurança de quem se preocupa com o meio ambiente e quer fazer a diferença.

Aqui estão as principais funcionalidades do aplicativo que facilitam o processo de denúncia e acompanhamento:

    Denúncia Georreferenciada
    O aplicativo permite que o cidadão registre a localização exata do crime ambiental usando um mapa interativo. Assim, a denúncia fica mais precisa, e as autoridades podem agir de forma mais rápida e eficiente. 🗺️

    Cadastro Detalhado de Denúncias
    Você pode incluir fotos, vídeos e descrições detalhadas sobre o tipo de dano ambiental que está ocorrendo. Essa funcionalidade facilita a investigação e a apuração do caso pelos promotores de justiça. 📸🎥

    Acompanhamento do Status da Denúncia
    Com o aplicativo, o denunciante pode acompanhar o andamento de sua denúncia. Você poderá ver quais ações estão sendo tomadas, garantindo transparência e confiança no processo. 🔍

    Interatividade com o Ministério Público
    O aplicativo permite que o Ministério Público envie notificações sobre o andamento da denúncia. Além disso, o usuário pode visualizar respostas ou esclarecimentos sobre as ações realizadas, tornando o processo mais claro e acessível. 📲

    Mapa de Crimes Ambientais
    O aplicativo oferece um mapa interativo que mostra os crimes ambientais mapeados em todo o Brasil. Ele destaca as áreas mais impactadas e os tipos de crimes mais frequentes, proporcionando uma visão geral da situação no país. 🌳🌎

🔔 Por que é importante?
Este aplicativo é uma ferramenta poderosa para quem deseja ajudar a combater a destruição ambiental e contribuir para um Brasil mais sustentável. Ao registrar e acompanhar as denúncias, você está fazendo a sua parte na proteção do nosso planeta. 🌱

Denuncie de forma anônima, ajude a preservar o meio ambiente e faça a diferença! 🌍
(App: MPF, tutorial de acesso sob consulta)",2025-05-10 02:36:14,admin
28,Como Preencher Canteiros Elevados Profundos de Forma Barata e Eficiente 🌱,"Criar um canteiro elevado profundo sem gastar muito pode ser mais fácil do que você imagina! Esses canteiros trazem benefícios incríveis para o seu jardim, como melhor drenagem, solo de alta qualidade e maior facilidade no plantio. A grande questão é o custo de enchê-los, mas com alguns truques simples e eficientes, você pode reduzir os gastos e preparar seu canteiro de forma prática e acessível. Aqui vai um guia para te ajudar!
O que saber antes de começar:

Os canteiros elevados profundos (com altura entre 30 a 90 cm) são perfeitos para plantas com raízes profundas, como tomates, batatas e outras hortaliças. Eles também são ideais para quem possui solo pobre ou pouco espaço para cultivo. Os canteiros elevados melhoram a drenagem e a fertilidade do solo, tornando o ambiente mais saudável para suas plantas crescerem.
Passo 1: Planejamento é Essencial

    Dimensões: O canteiro deve ter pelo menos 60 cm de profundidade para atender às necessidades de raízes mais profundas. Se você for plantar vegetais que exigem mais espaço, como batatas ou tomates, essa profundidade é ideal.

    Localização: Escolha um local que receba pelo menos 6 horas de sol por dia. As plantas precisam de luz para se desenvolver de forma saudável. Um local ensolarado garantirá que suas plantas cresçam fortes e saudáveis.

    Materiais: Para a estrutura do canteiro, use materiais simples e baratos, como madeira não tratada, tijolos ou blocos de concreto. Esses materiais são fáceis de encontrar e proporcionam a estabilidade necessária para o canteiro. Você também pode usar madeira reciclada ou outros materiais reutilizados para economizar ainda mais.

Passo 2: Estrutura e Preenchimento

Agora, vamos ao enchimento do canteiro! Para garantir um bom resultado sem gastar muito, siga estas dicas:

    Primeira camada (fundo): Comece colocando uma camada de materiais orgânicos e de fácil decomposição, como galhos ou ramas pequenas. Isso ajudará a criar uma boa base de drenagem e reduzirá a quantidade de solo necessário. Materiais como folhas secas ou restos de grama também são ótimos para essa camada.

    Segunda camada (intermediária): Sobre a camada de galhos, adicione composto ou esterco. Esses materiais vão ajudar a enriquecer o solo com nutrientes, criando um ambiente ideal para o crescimento das plantas.

    Terceira camada (superior): Complete o canteiro com terra de boa qualidade ou terra vegetal. Essa será a camada onde as raízes se desenvolverão. Se o solo da sua região não for bom, você pode misturar a terra com composto orgânico para melhorar sua qualidade.

Passo 3: Cuidados Finais

    Revezamento das culturas: A cada temporada, tente revezar as plantas para evitar o esgotamento do solo e garantir que o canteiro permaneça produtivo.

    Rega: Como a drenagem é melhorada nos canteiros elevados, a água não fica acumulada. Certifique-se de regar as plantas regularmente, mas evite o excesso de água.

Conclusão:

Preencher canteiros elevados profundos de forma barata e eficiente não precisa ser complicado! Com um bom planejamento e o uso de materiais acessíveis, você pode criar o ambiente ideal para suas plantas sem pesar no bolso. 🌿🌞
(referencia desconhecida - buscar)",2025-05-10 02:38:47,caminhante_agroecologico
29,Como Cultivar Alecrim em Vasos a Partir de Estacas ou Sementes 🌱,"Cultivar alecrim em vasos é uma ótima maneira de ter essa erva aromática sempre à mão, seja para temperos ou até para fins medicinais. Você pode começar tanto com estacas quanto com sementes, e ambos os métodos têm suas vantagens. Aqui vai um guia rápido para você plantar alecrim de forma simples e eficiente!

Para começar com as estacas, escolha ramos saudáveis (10-15 cm) de uma planta adulta. Retire as folhas dos 5 cm inferiores e, se quiser acelerar o enraizamento, pode mergulhar as pontas cortadas em hormônio enraizador. Plante as estacas em vasos pequenos com um substrato bem drenado e regue suavemente. Para criar um ambiente úmido e favorecer o enraizamento, cubra o vaso com um saco plástico transparente ou um domo e coloque-o em um local com luz indireta. Mantenha o solo úmido (não encharcado) e, em 4-6 semanas, as raízes deverão estar formadas. Depois disso, transfira as estacas para vasos maiores, com o mesmo tipo de substrato, e continue os cuidados.

Se você optar por cultivar alecrim a partir de sementes, comece dentro de casa, 8-10 semanas antes da última geada. Coloque as sementes em bandejas ou vasos pequenos com substrato para sementes, cobrindo levemente com terra (aproximadamente 1 cm). Mantenha as sementes em local quente e iluminado ou sob luzes de cultivo. O solo deve estar úmido, mas não encharcado. A germinação pode levar de 2 a 4 semanas. Quando as mudas tiverem folhas verdadeiras, transplante-as para vasos maiores, com substrato bem drenado, e coloque-as em um local ensolarado.

Tanto para as estacas quanto para as sementes, o cuidado contínuo envolve regar apenas quando o topo do solo estiver seco, garantir pelo menos 6-8 horas de luz solar diária e fertilizar a cada 4-6 semanas durante a estação de crescimento. Não se esqueça de podar regularmente para manter o crescimento arbustivo e saudável.

O alecrim prefere um ambiente mais seco, então evite excesso de umidade e certifique-se de que o solo drene bem. Com esses cuidados, em pouco tempo você terá alecrim fresco para usar nas suas receitas ou como remédio natural! 🌿💧
(comunidade Agroecologica Vale do Ribeira, 2024)",2025-05-10 02:40:45,caminhante_agroecologico
43,Artigo: Porque Comunidades Falham,"Portanto, a presente investigação busca evidenciar de que maneira a consideração de perspectivas negligenciadas poderia ter aprimorado os resultados das interações dentro de comunidades, questionando os impactos de uma gestão enraizada, as falhas na comunicação e a eficácia dos métodos tradicionais de tomada de decisão. Além disso, torna-se fundamental dar visibilidade aos aspectos relacionados à gestão dos processos comunitários, pois eles influenciam diretamente as escolhas coletivas, determinando quais ideias e abordagens são priorizadas e quais são marginalizadas. A forma como as responsabilidades foram distribuídas, as regras seguidas e a estruturação das interações internas podem ter reforçado preconceitos institucionais ou culturais, limitando a inclusão de vozes diversas e afetando a colaboração e os resultados obtidos. Dessa forma, analisar criticamente esses elementos permite compreender com maior profundidade como a dinâmica organizacional e a gestão das relações interpessoais impactam o sucesso ou fracasso das comunidades, especialmente no que diz respeito à inovação e à cooperação.
(adaptado JTVEIGA - 2024)",2025-05-10 03:56:00,admin
30,Quem é Lena Ferreira e qual o objetivo do texto?,"Lena Ferreira é uma educadora social e designer de sustentabilidade, com uma vasta experiência em comunidades intencionais e ecovilas. Ela compartilha seu conhecimento adquirido ao longo de mais de 20 anos sobre a criação e a governança de comunidades sustentáveis, com foco na regeneração cultural e no desenvolvimento humano. O texto, intitulado My Purpose, serve como uma introdução ao seu blog, onde Lena pretende compartilhar suas ideias e perspectivas sobre os princípios, valores e práticas que norteiam as comunidades sustentáveis.

O objetivo principal do texto é registrar, de forma simples e acessível, suas reflexões sobre como criar, estruturar e governar comunidades que busquem uma vida mais sustentável e significativa. Lena enfatiza que, apesar da abundância de informações disponíveis, a abordagem dela será uma síntese das melhores práticas e teorias para ajudar os leitores a entender e aplicar os conceitos relacionados à sustentabilidade, ecovilas e comunidades intencionais.

Ao longo do texto, ela destaca a importância de integrar práticas como a Permacultura e a Pedagogia Social, além de trazer à tona as ""estruturas invisíveis"" de uma comunidade, como os valores e as relações humanas que sustentam uma convivência harmônica e colaborativa.

Lena também compartilha sua experiência com o Gaia Education Course, que tem sido uma grande fonte de inspiração para seu trabalho e suas publicações.

Fonte original: My Purpose by Lena Ferreira",2025-05-10 02:42:32,admin
31,🌱 Projeto Amainar: Junte-se a nós na criação de uma plataforma tecnológica transformadora! 🌱,"Estamos em busca de pessoas apaixonadas por tecnologia, regeneração social e gestão coletiva para colaborar de maneira voluntária no desenvolvimento de uma plataforma inovadora que conecta a educação e a gestão de projetos relacionados à terra. Se você acredita no poder da tecnologia para criar mudanças sustentáveis e promover comunidades mais integradas, queremos você ao nosso lado!
O que buscamos:

    Tecnólogos, desenvolvedores, educadores, advogados e entusiastas de práticas regenerativas que queiram colaborar na criação de um ecossistema digital colaborativo.

    Visão inovadora para integrar modelos tradicionais de posse e venda de terras com modelos regenerativos, utilizando inteligência artificial para conectar pessoas, práticas e recursos.

O que vamos construir:

A primeira versão da plataforma terá como foco:

    Criação de Ecovilas e Comunidades Sustentáveis baseadas em valores regenerativos.

    Personalização de interações e ferramentas para facilitar a formação de coletivos rurais.

    Suporte jurídico, financeiro e educacional, garantindo segurança e eficiência na gestão e investimentos relacionados à terra.

    Aprendizado contínuo por meio de cursos, fóruns e consultorias voltadas para práticas regenerativas.

    Integração de perfis de pessoas com base em interesses, valores e atributos, criando teias humanas e comunitárias que compartilham objetivos comuns.

Nossa Missão:

Desenvolver uma plataforma tecnológica que promova integração e conexão entre pessoas que desejam formar vilarejos ecológicos e comunidades rurais sustentáveis. Usaremos inteligência artificial e ciência de dados para otimizar a personalização e garantir que todos os envolvidos tenham a experiência mais fluida, segura e eficiente possível.

Se você se identifica com a nossa missão e quer contribuir para a construção de um futuro mais sustentável e conectado, venha fazer parte do Projeto Amainar! Juntos, vamos criar um ambiente digital que une tecnologia e regeneração social para transformar a relação das pessoas com a terra e com a comunidade.

🔗 Participe do Projeto Amainar! Faça parte dessa jornada transformadora.

🌿 #Amainar | #TecnologiaSustentável | #GestãoColetiva | #Ecovilas | #ComunidadesRurais 🌿",2025-05-10 02:44:11,guardiao_verde
32,Encontros de Comunidades - Primeira Temporada: Conectando Pessoas e Terras para Fins Socioambientais,"Em um momento de crescente conscientização sobre a insustentabilidade do modelo atual, surge uma pergunta crucial: como podemos unir aqueles que possuem recursos financeiros e terras disponíveis com as iniciativas que visam a regeneração socioambiental? Muitas pessoas estão dispostas a ceder ou articular o uso dessas terras para fins mais significativos e que respeitem o meio ambiente. A percepção de que o modo de vida urbano atual não é viável a longo prazo tem se expandido, até mesmo entre aqueles que, aparentemente, estão em uma posição privilegiada. O sistema financeiro, embora ofereça uma falsa sensação de bem-estar, não consegue, de fato, sustentar um equilíbrio real entre as necessidades humanas e a natureza.

Neste contexto, surge a ideia de conectar essas pessoas a projetos mais regenerativos e comunitários. Estamos na fase de prototipagem e articulação, com o objetivo de criar uma plataforma digital (como um aplicativo ou site) que conecte os proprietários de terras e seus recursos a projetos socioambientais. A ideia é criar uma rede que facilite a articulação e o uso dessas terras de maneira colaborativa, para atender a uma demanda crescente por alternativas sustentáveis e regenerativas.

Além disso, entendemos a importância de integrar e mobilizar redes já existentes, como as de Renato, Eliseu Xavier, Ailton Krenak e Renato Freitas. Estas redes podem ser fontes de input valioso e ajudar a potencializar os esforços de transformação social e ambiental. A colaboração entre essas redes e iniciativas pode gerar soluções mais efetivas e criativas para problemas comuns que todos enfrentamos.

Esse é um dos temas abordados no Ebook ""Encontros de Comunidades - Primeira Temporada"", onde exploramos como conectar pessoas e recursos para criar novas formas de habitar a Terra, com foco em práticas regenerativas e sustentáveis. Se você também acredita que é hora de mudar a relação entre os seres humanos e o planeta, e quer fazer parte dessa transformação, este ebook é para você! (Conteudo adaptado de live A Sementes & AMAINAR)

🔗 Vamos juntos construir um futuro mais sustentável e colaborativo!",2025-05-10 02:46:44,admin
33,Por que ainda não conseguimos nos articular adequadamente?,"A pergunta é simples, mas a resposta não é tão óbvia. Muitos projetos e ideias regenerativas têm surgido, mas o grande desafio continua sendo a articulação e a replicação dessas iniciativas. A ideia que se tem em mãos, como o próprio autor menciona, não é algo extremamente complexo, mas algo que pode ser replicado e adaptado a diferentes contextos. O problema está na falta de integração entre as partes, no distanciamento entre quem já está engajado na causa e as grandes massas que, muitas vezes, nem sabem por onde começar.

Esse modelo piramidal, que divide a sociedade entre poucos privilegiados e uma base social esmagada pelo trabalho árduo, é uma realidade que persiste em grandes metrópoles como Belo Horizonte, Rio de Janeiro e São Paulo. Essas cidades ainda seguem um padrão semelhante ao modelo europeu, onde a desigualdade e a dificuldade de acesso à qualidade de vida são muito evidentes.

Mas acreditamos que chegou a hora de mudar isso! Agora é o momento de expandir a ideia de comunidades regenerativas para essas grandes cidades. Com iniciativas mais bem articuladas e o uso de tecnologia, podemos criar soluções que unam as pessoas em torno de um propósito comum: a transformação social e a construção de um futuro mais sustentável.

Se você também acredita que é possível replicar soluções para melhorar a vida nas cidades e ajudar a criar novas comunidades, baixe nosso Ebook - Formando Comunidades, e comece a transformar o seu mundo agora mesmo! 
(adaptado de encontros sobre Artigo - porque comunidades falham, RIZOMAR)",2025-05-10 02:49:15,admin
34,O Jardim Digital TEIAS - Cultivando Coletivos: Conectando Pessoas e Energias para um Futuro Colaborativo,"O Jardim Digital TEIAS é uma plataforma inovadora, projetada para cultivar conexões sutis e energéticas entre os participantes. Seu propósito vai além da simples interação digital — aqui, nos tornamos co-fundadores de algo maior, onde tudo se conecta e flui, pessoas, bens, e informações. O TEIAS é uma rede viva, um espaço onde a colaboração, o cuidado mútuo e a troca de contribuições são as forças motrizes que guiam o crescimento e a evolução de todos os envolvidos.

Inspirado nos princípios da economia colaborativa, o TEIAS foca na troca de contribuições entre os membros, reconhecendo que cada um de nós desempenha um papel essencial no fortalecimento do coletivo. É uma plataforma que visa não apenas integrar, mas também expandir a consciência do todo, criando um ambiente em que todos somos responsáveis pela construção e pela evolução do ecossistema digital.

Atualmente, estamos em nossa primeira versão e avançando com testes contínuos para tornar o TEIAS uma plataforma autônoma e eficiente. Com o uso de tecnologias e paradigmas desenvolvidos durante meu mestrado (JTVEIGA), estamos aplicando modelos de gestão de atributos e capacidades de agentes — ou seja, cada participante tem seu papel e capacidade reconhecidos dentro de um sistema dinâmico e fluido, ajustando-se conforme as necessidades do coletivo.

A proposta do TEIAS é simples, mas profunda: cultivar coletivos sustentáveis, onde a participação ativa de cada um gera um impacto positivo no todo. Se você acredita no poder das conexões humanas e quer fazer parte de um projeto que valoriza a colaboração e a troca mútua de saberes, venha conhecer mais sobre o Jardim Digital TEIAS e compartilhe suas experiências e conhecimentos!

Juntos, podemos criar algo transformador para o futuro!
Att, Jackson T. Veiga, 2024",2025-05-10 02:53:26,admin
35,Experiências no Jardim Digital TEIAS: Transformação e Conexão,"Na página ""Sementes em Diálogo"" do Jardim Digital TEIAS, compartilhamos relatos e experiências que são como sementes lançadas em solo fértil, alimentando a jornada de todos que fazem parte deste movimento. Aqui, cada história é uma semente que germina, trazendo aprendizados e transformações que ecoam no coletivo.

Um dos relatos inspiradores vem de Davison, que faz parte do grupo A Sementes 365. Ele compartilha sua experiência com o mini-curso AVATAR, uma metodologia aplicada por Maria, membro do grupo de Guardiões do A TEIA, e organizada por Tavares, idealizador do TEIAS. Segundo Davison, o curso teve um impacto profundo em sua prática de atenção e foco. Ele relata que, ao compreender suas próprias limitações de atenção, foi capaz de reviver suas dores profundas e, a partir disso, transmitir energia para objetos ao seu redor.

Sua jornada de autoconhecimento e cura através da atenção se entrelaça com o propósito do Jardim Digital TEIAS, que visa conectar pessoas, práticas regenerativas e consciência coletiva. Ao compartilhar suas experiências, Davison, junto a outros membros, fortalece a rede e nos inspira a continuar cultivando juntos uma comunidade de aprendizado e transformação.

O TEIAS é mais do que uma plataforma; é um espaço de conexões verdadeiras e crescimento conjunto. Se você também já fez parte dessa jornada, compartilhe seu relato e ajude a enriquecer nossa história coletiva. 🌱 
(depoimento Davison, Minicurso - AVATAR)",2025-05-10 02:55:13,guardiao_verde
36,Manifesto 2024: Teias de União e Coexistência,"Em um convite ao despertar coletivo, o Manifesto 2024, ""Teias - Cultivando Coletivos"", nos desafia a repensar nossa relação com o outro e com a terra. O texto nos lembra que a união é a chave para a evolução e para o aprendizado contínuo. Assim como as raízes das plantas se entrelaçam em redes miceliais, nossos sentimentos e espíritos devem se conectar de forma real e profunda. O manifesto clama por um rompimento com as barreiras da indiferença e do preconceito, propondo uma aliança entre povos, culturas e saberes. É hora de celebrar a coletividade, a paz e o amor, em um movimento que convida todos a se unirem em um só coração, para que a vida, com sua evolução natural, siga em frente.

Att, Jackson T. Veiga",2025-05-10 03:35:19,admin
37,"Receita de Bolo Paulista (09.02.2025): Sabor, Simplicidade e Afeto","Esta receita do Bolo Paulista é um prato simples, mas cheio de sabor e carinho. Começando com um refogado de cebola e alho, o prato se enriquece com uma mistura de legumes variados, tomate e, se preferir, azeitonas picadas. O toque especial vem dos temperos, como pimenta, orégano e cúrcuma, que podem ser ajustados ao gosto de cada um. Depois de ferver, a mistura recebe o ovo cozido picado e a água para dar a base, e é quando a farinha de milho entra para criar uma textura cremosa, quase como um pirão, que endurece ao esfriar. A receita é versátil e cheia de possibilidades, ideal para quem busca um prato aconchegante e fácil de preparar. (adapta por Cristina Viseu)",2025-05-10 03:40:05,arte_ancestral
38,Leituras Secretas Dentro da Ordem (2021) - O Condicionamento do Pensamento Humano,"Em ""Leituras Secretas Dentro da Ordem"", JTVeiga mergulha nos estudos de dois autores que investigaram os mecanismos de controle e condicionamento do pensamento humano: Alfred Korzybski, que explora o poder da linguagem sobre a mente, e Serge Tchakhotine, que analisa os efeitos da propaganda. A discussão se enriquece com a referência à lenda dos Nove Desconhecidos, uma sociedade secreta que remonta ao imperador Ashoka, um dos governantes mais influentes da Índia. Este mistério histórico se entrelaça com a ideia de como o conhecimento pode ser guardado, manipulado ou transmitido através de canais secretos, oferecendo uma reflexão profunda sobre o controle da informação e a liberdade do pensamento. (adaptado JTVEIGA, 2021)",2025-05-10 03:42:39,admin
39,Lidando com Minhas Sombras: O Ciclo do Nascimento e Morte nas Dimensões Paralelas,"30 de março de 2022, 14:54
para jackstveiga

No instante da morte, um novo nascimento se revela. Não da forma linear que conhecemos, mas como um espalhamento de experiências em múltiplas dimensões. Nesse processo, minha consciência busca seguir os caminhos mais alinhados com os aprendizados passados, porém, existem outras versões de mim — outros N-Jacks — que vivem em linhas do tempo paralelas, geradas pelas escolhas feitas no presente.

Por exemplo, quando me encontro vivenciando uma experiência que não é aceita por mim ou pela sociedade, ela se manifesta como uma regressão, uma visita a uma dessas versões paralelas. É como se eu retornasse a um ponto anterior, um flash que me transporta para um estado de ""antes"", onde as escolhas feitas se repetem até que eu consiga alcançar um novo estágio de evolução dessa experiência.

Esse ciclo de morte e renascimento se entrelaça com a natureza das sombras que enfrentamos — aquelas partes de nós mesmos que buscamos entender e integrar. À medida que navegamos por essas dimensões, as lições se tornam mais claras, e a evolução da experiência, mais profunda.

Att, JT VEIGA",2025-05-10 03:44:39,admin
40,Katun: A Jornada do Tempo Maia e a Expectativa do Katun 13,"O conceito de Katun na civilização Maia é um dos mais fascinantes e enigmáticos aspectos do seu entendimento do tempo. Para os Maias, o tempo não era apenas uma linha reta e linear como é para nós hoje; eles o viam como ciclos complexos, marcados por diferentes períodos de tempo, chamados de Katuns. Cada Katun representa um ciclo de aproximadamente 20 anos, e ao longo de sua história, os Maias dividiram o tempo em 13 desses ciclos, com o Katun 13 sendo o último, aguardado com grande expectativa para o ano de 2043.
O Katun e a Visão Maia do Tempo

Em sua cosmologia, os Maias dividiam o tempo em várias unidades, das quais o Katun era uma das mais significativas. Eles acreditavam que, assim como os ciclos da natureza, a história da humanidade se desdobrava em uma série de ciclos, cada um trazendo novas oportunidades de evolução e aprendizado.

O ciclo do Katun é regido por uma visão cíclica do tempo, na qual a repetição de eventos e a renovação do mundo acontecem de forma constante. Cada Katun de 20 anos teria suas próprias características e influências, moldando os destinos das pessoas e da civilização como um todo. A cada 13 Katuns, acredita-se que o mundo entra em uma nova era, um novo ciclo de renovação e transformação.
O Katun 13 e o Futuro da Humanidade

No livro sagrado dos Maias, o Chilam Balam, encontram-se profecias que falam sobre o destino da humanidade. Uma dessas profecias faz referência a nossa civilização atual, e, ao que tudo indica, o Katun 13 será marcado por um grande cataclismo, um evento catastrófico que transformará profundamente o mundo como o conhecemos.

Segundo o Chilam Balam, a descrição do cataclismo está relacionada com o Ahau Katun, o décimo terceiro ciclo do calendário Maia, também conhecido como CABALIXBACH e CHACHALACA, povos e lugares mencionados na profecia. O texto indica que, ao final do Katun 13, a civilização passará por uma grande transformação, possivelmente envolvendo a destruição do que conhecemos como ""velha ordem"" e o nascimento de uma nova era.

Esse tipo de cataclismo pode ser entendido não apenas de maneira literal, mas também simbólica. A ideia de um ""cataclismo"" pode representar uma mudança radical nos valores, nas estruturas sociais ou até nas formas de interação humana. A história dos Maias, assim como a de tantas outras culturas antigas, está repleta de narrativas sobre a necessidade de renovação cíclica e o renascimento após grandes destruições.
O Assento do Katun 13: O Mistério de Chachalaca

A profecia fala de um lugar específico associado ao Katun 13: o povoado de Chachalaca, localizado em Kinchil Coba, conhecido como o ""assento do décimo terceiro Katun"". O nome Chachalaca é curioso e remete a um tipo de ave que, em algumas culturas, é associada ao anúncio de eventos importantes. Pode-se interpretar este local como um símbolo de um ponto de transição, um marco onde as mudanças irão se manifestar de maneira mais clara.
O Que Esperar do Katun 13?

Enquanto aguardamos o Katun 13 em 2043, é importante refletir sobre o que ele pode significar para nós. Alguns interpretam essa data como um momento de grande transformação espiritual, enquanto outros especulam sobre possíveis mudanças globais, econômicas ou ecológicas. De qualquer forma, o simbolismo do Katun nos desafia a perceber o tempo de uma maneira mais cíclica e profunda, compreendendo que cada ciclo nos convida a refletir sobre nossa jornada e o impacto de nossas escolhas no coletivo.

A profecia Maia é uma convocação para o despertar. A civilização atual, com suas complexas interações e crises, pode estar se aproximando de um ponto de ruptura, mas também de renovação. O Katun 13 pode não ser apenas um evento cataclísmico, mas uma oportunidade para a humanidade reavaliar seus caminhos e escolhas, e, quem sabe, iniciar um novo ciclo de evolução. (adaptado de leituras em livros Secretos de 2021, Conciencia Coletiva)",2025-05-10 03:47:27,admin
41,Leitura Livro Char: Partilhando Reflexoes,"Carta 2024 - Leitura Livro Compartilhado e Reflexões:

Escrevo para Char,

Aguardo ansioso a arte sobre o seu evento de Inglês, se precisar posso ajudar com isso.

Compartilha um pouco sobre sonhos e eletromagnetismo. A última vez que sonhei foi no sítio, não tenho sonhos ""reais"", não entendo ainda quando a visão me some... 

Hoje sem a ""mente guia"" me sinto perdido, desorientado, mesmo sabendo que estão por perto.

Sobre o que não entendeu - telas e artificial, vc traz ben a visão que acredita ser uma forma de acesso.

Mundo natural, mais amplo, infininitas possibilidades de aprendizado.

Maxwell um físico renomado fez grandes observações, hj imagino que ele teve acesso a conhecimentos em outros ""planos"". Sei que vc está explorando estes campos, só não identifico ainda qual gaveta?

Nos do extremo racional, utilizamos os fundamentos e ciências que tentam explicar o plano material, ou seja, essas leis nos serviram para construir os monstruosos eletrônicos, tecnológicos, elétricos, etc.. Tudo isso com essa tradução artificial , nos dá possibilidades de viajar dentro do espaço conhecido ou matemático...

A nossa bengala, ou tela em branco que permite sistematizar um pensamento, uma ideia, a criatividade é experimentada e então espremida nas limitações arcaicas que foi possível conceber até então.. Vamos ser cincero, ela nos permitiu fazer coisas fabulosas e também alguns ""artefatos"" tanto quanto perigoso..

Já parou para pensar a complexidade para construir uma placa de processamento, hoje parei alguns segundos olhando para uma destas e pensei até onde a mente humana é capaz de ir. O projeto teórico no papel desses equipamentos exigem uma complexidade e detalhamento muito grande. Com apoio de algumas ferramentas de modelagem e simulação conseguimos testar a funcionalidade de cálculos matemáticos, elétricos e eletrônicos que são simplificados. Isso envolve fluxo, grandesas elétricas e eletrônicas, tudo representado por pequenos componentes, cada micro componente deste com sua atribuição,  são características elétricas. São elementos básicos,  portas lógicas, filtros, amplificadores. Construímos um verdadeiro dicionário enorme capaz de criar núcleos de processamento. Não só isso, entre outras funcionalidades como protocolos, transmissão, isolação, etc. Tudo considerando aqueles teoremas iniciais do nosso amigo Maxwell e sua turma que fez o favor de facilitar o caminho.

A materialização e aprendizado sobre os cristais e outros elementos químicos que atendem aquela aula básica de química lembra, cargas positivas, negativas, neutro, atração,  repulsão,  etc.. 

Um conjunto desses entendimentos e disciplinas nos permite realizar feitos enormes, por exemplo, uma espaconave inteira ou uma sonda ? Exigem quantas disciplinas, físicos,  cientistas, etc?

O humano no mais alto grau de sua ambição é capaz de formar grandes quadrilhas de super geneos, porém é capaz de unir esse número de estudiosos para estudar o espaço e tempo desconhecido?

Vamos agora para esse mundo das possibilidades infinita, em que o tempo trata-se uma dimensão e não uma mera grandeza, os fenômenos agora são compreendidos não apenas em sua finalidade de atuação,  porém a partir de uma combinação de perturbações em outros mundos, outros planos os mundos invisíveis? 

Quais são as leis dessw mundo invisível, como eu posso sistematiza lo e tornar numa linguagem dessa dimensão da matéria.

Um super computador quântico,  seria capaz de comunicar com o que, quais outros conhecimentos deixamos de lado e com relação a criatividade, a natureza holística das coisas o grande Caos Natural que na verdade é uma grande música harmônica.

Com o tempo que vc está imersa no natural, já deve ter observado os pássaros cantar, os primeiros pássaros a visita Los, o primeiro galo a cantar, as trilhas e barulho doa insetos no solo, a vida abaixo do solo , tudo isso está aqui, e o que não está qo nossos olhos, ao nossos ouvidos?

Concentrou nesse padrão da natureza, eu fiz um poema sobre uma experiência no parque observando por dias o comportamento de uma passarinho e notei que existia uma sincronicidade ou uma espécie de linguagem, para mim o passarinho não era apenas o passarinho , no meu mundo eu observava como uma passaro, nessa observação os cantos tinha um significado conhecido dentro do padrão lógico que fomos orientados, porém no mundo do pássaro, qual c9ncien ia ele assume? Esse é um outro assunto que faz parte dos meus estudos.

Notei no últimos dias que viver em várias camadas demanda muita energia, então desejei não está em tantas ao mesmo tempo, por mais que eu me esforce, sinto que estou em muitos lugares,  porém nenhum lugar me pertence e.

O pássaro para mim era uma peça nesse teatro,  mesmo não tendo a certeza se ele possuía discernimento sobre isso e talvez nem precise ter.

Ele somente é pássaro, eu sua mágica acontece todos os dias, até a eternidade, até que sua missão seja concluída aqui.

Uma outra observação que fiz enquanto em meu quarto por muito tempo no laboratório de pesquisa, notei que certos dias alguns insetos me visitavam,  esses insetos pareciam tentar dizer algo, então me fez observar que talvez não era possível aquele inseto estar ali, que mesmo eu matando ele aparecia novamente com uma certo período. Então eu comecei mudar hábitos e pensamentos para tentar ver outra coisa. Para mim p inseto atravessou uma porta entre tempo e espaço e externos sua sabedoria.

Eu tenho enumeras outros estudos, porém nunca me aprofundei em nenhum destes que envolveu os insetos, os pássaros as formigas,  para mim eles apenas são e estão comigo, me visitam e eu os visito quando necessário. 

Não sei explicar o porquê todas as vzs que sinto estar avançando eu retorno para o campo em que eu consigo provar, desenhar, experimentar e dar forma, mesmo que estas não representem nada, não falem comigo da maneira multidimensional ou que seja apenas uma ilusão da minha cabeça. Para mim meus estudos avançados são ilusões, não tenho certeza tanto quanto tenho certeza sobre o pássaro ou o inseto. Eu sei que é uma zona de conforto e por qual motivo tbm não entendo que estes né distanciam desse EU descrito anteriormente, parece me fazer estar sobre controle. O coração não bate forte,  as emoções não afloram, não choro, não sorrio verdadeiramente. São experiências neutras, um campo seguro, 

Eu vou nesse mundo das possibilidades 'extinto', 'espiritos' e 'ETs' e sempre os questiono o que vcs querem de mim, como posso ajuda-los as respostas sempre são semelhantes: não queremos nada, não precisamos de ajuda, vc precisa se encontrar, vc é Amor , algo assim..

Eu fico esperando que eles me deem uma vara mágica e um livro de palavras secretas , eu movimento a varinha e navego nesse mundo de novas possibilidades. Talvez 9 desejo deles não é que eu os transforme os saberes w afunila para que estes caibam no aqui agora que mente.

Não sei o que significa, não possui um manual, não tem disciplinas de aprendizado l, trata se do sentir, de abrir seu campo, de conversar com os seres, para que? Não vejo que isso possa mudar minha condição familiar, não posso pensar por eles e fazer os enxergar e mesmo que eles vejam seria mais estranho , assim como é para mim.

Eu gostaria de realizar uma daquelas viagem longas, de passar pelas câmaras de aprendizado, mas não sei com qual propósito, penso que ao estabelecer er o propósito, ali estarei novamente . A primeira vez como um curioso, olha um jardim novo, novos cheiros, novas formas, tudo é lindo. 

A segunda vez como um explorador, estado de alerta entre ambas as partes.

A terceira vez , talvez eu já vá com algo para trazer um pedaço, uma amostra. Penso que isso não é uma boa maneira de fazer uma visita, tbm não quero que me considerem visita..

Quero estar em casa, ter a segurança apenas de sentar,deitar, observar, sentir e misturar me com o todo, de maneira que já não sou reconhecido. Não haverá diferença entre eu ou ele, pensar eu ou ele já é estranho para mim.

Muitos pontos foram trazidos aqui, o e-mail é unidirecional,  porém multi tbm, pois ao sentir e escrever , estabeleço uma conexão contigo, estamos ligados e vibrando essas cordas, para que? O que estamos construindo afinal .


Talvez ela não queira mas que a grande criança volte de seu interior com uma amostra e faça novos aprendizados.l, ou talvez seja livre mesmo, só me resta estar preparado. 

Talvez viverei o resto dos meus dias e não terei outra oportunidade, mas se estiver lá novamente quero aproveitar da melhor forma possível.

Me fez lembra uma paralisação em uma sala toda cheia de telas e mentes em diferentes formas que conversavam, isso é fruto de minha imaginação. Para que estava ali se não compreendia a linguagem ?

Vocês fazem bem em observar o mundo próprio ao redor, acredito essa ser a melhor escola. A escola do homem, não faço ideia onde pode chegar, existe essa malha enorme artificial que nem sabemos ao certo o que faz. Existem os bilhões sendo gastos com exploradores de umiversos distantes, porém parece q não se preocuparam em desenvolver uma super ferramenta para o nosso universo interior , os métodos ainda são ancestrais e não estão nos livros

Quero acreditar q tudo isso não passa da maldade humana, que tbm são métodos de Vou deixar o restante para uma próxima, até breve¡ (com carinho JTVEIGA, Out.2024)",2025-05-10 03:50:02,admin
42,TEIAS: O Encanto da Conversa e a Busca por Verdade no Caos,"No Podcast 02 de TEIAS, questionamos algo simples, mas profundamente humano: será que o que nos encanta nas nossas conversas íntimas pode interessar a mais alguém? Será que os anseios e dúvidas que compartilhamos, sem filtro, ressoam com outras pessoas? Não sabemos ao certo. Mas o que aconteceu foi um encantamento – uma experiência genuína de nos permitir sentir e refletir em público, algo que geralmente manteríamos entre quatro paredes.

Em um mundo saturado de discussões estruturadas e planejadas, às vezes é o improviso que cria a magia. Nosso podcast é, sem dúvida, um experimento com doses de coragem, curiosidade e uma boa dose de imprevisibilidade. E, se podemos ser honestos, talvez tenhamos planejado menos do que seria razoável. Mas, assim como muitos outros humanos, sentimos que a busca pela verdade, ou pelo menos pela autenticidade da alma, exige mais da nossa coragem do que do controle. Estamos à procura de algo genuíno em nossas próprias vidas, sem ter uma certeza clara sobre o que encontraremos no caminho.
A Coragem de Sentir em Público

Falar sobre o que nos move, o que nos inquieta, ou até mesmo o que nos assusta, é um ato de vulnerabilidade. Mas, ao mesmo tempo, é um convite. A ideia de que nossas conversas e experiências pessoais possam ser valiosas para outros é uma provocação. Todos nós passamos por momentos de reflexão, de incerteza, e muitas vezes não sabemos como ou com quem compartilhar esses sentimentos. Quando alguém tem coragem de falar sobre isso em voz alta, é como se uma porta se abrisse para todos que estão dispostos a ouvir. Esse é o poder do compartilhamento autêntico.
Experimentação e Falta de Planejamento: O Impacto do Improviso

A falta de planejamento, em sua essência, é uma das maiores forças do nosso podcast. Não somos movidos pela rigidez de um script, mas pela busca por algo mais orgânico, algo que surge no momento, sem restrições. Isso pode ser comparado à teoria da improvisação na psicologia e na arte, onde o processo criativo não se baseia em um plano preestabelecido, mas na liberdade de ser. De acordo com o psicólogo Mihaly Csikszentmihalyi, autor de Flow: The Psychology of Optimal Experience, a verdadeira criatividade emerge quando estamos tão imersos no momento presente que nossas preocupações com o futuro ou com o passado desaparecem, e isso nos conecta a um estado de fluidez, onde as ideias surgem sem esforço.

Essa abordagem de ""menos planejamento"" é também uma maneira de abraçar a incerteza da vida. Somos, todos nós, viajantes em busca de respostas, e, muitas vezes, a verdadeira sabedoria surge naqueles momentos em que não sabemos exatamente onde estamos indo, mas seguimos em frente, confiando no processo.
Reflexões Sem Respostas: A Busca de Todos Nós

No final, o que buscamos não são respostas definitivas, mas momentos de clareza que nos ajudem a navegar nas complexidades da vida. Em nossa conversa, nos permitimos refletir sem pressa, sem saber exatamente onde isso nos levará. Mas é justamente essa incerteza que faz o caminho tão rico. Somos dois de muitos humanos, aparentemente loucos, mas genuinamente apaixonados por entender a alma, as experiências e as inquietações que nos tornam quem somos.

A nossa jornada não é só sobre o que descobrimos, mas sobre como nos permitimos sentir e questionar ao longo do caminho. A incerteza, o encantamento e até mesmo as dúvidas fazem parte dessa busca constante pela verdade.

E você? Está pronto para se permitir sentir, refletir e explorar os próprios anseios, sem saber exatamente onde isso pode te levar? Nos próximos episódios, continuaremos a explorar esse território imprevisível, onde a única certeza é que estaremos juntos na busca. (adaptado de Cristina Viseu - podcast Dois de Muitos)",2025-05-10 03:53:21,arte_ancestral
44,Venha Explorar o Método AVATAR - Uma Jornada de Reflexão e Transição Consciente!,"Sem certezas absolutas, mas com muita vontade de pensar alto, estamos aqui para compartilhar algo que pode te ajudar a refletir, se conectar e, quem sabe, transformar um pouco a sua perspectiva. Nosso minicurso sobre a ferramenta AVATAR é uma oportunidade única de mergulhar em um método que pode tornar a transição para novas fases da vida mais fluida e consciente.

O AVATAR é mais do que uma ferramenta – é uma chave para desbloquear potenciais, refletir sobre o que realmente importa e buscar uma verdade mais profunda em cada experiência. No nosso curso, vamos compartilhar vivências reais, músicas autorais e poesias, que são parte do processo criativo e transformador que vivemos ao aplicar o AVATAR em nosso próprio caminho.

Nós somos dois de muitos humanos que, com coragem e ousadia, buscamos um propósito maior. A jornada de viver e refletir não tem um caminho claro, mas acreditamos que cada passo dado é um aprendizado. Estamos apenas começando a entender onde isso pode nos levar, e convidamos você a vir junto conosco nessa exploração.

Se você está em busca de algo mais profundo, se deseja entender melhor as transições que está vivendo ou se simplesmente quer abrir sua mente para novas possibilidades, o minicurso AVATAR é para você! Venha fazer parte desse movimento de reflexão, evolução e autoconhecimento.

Participe e venha aprender com a gente!

Quem sabe essa jornada nos leva a um novo lugar, com novas respostas para as perguntas que todos nós carregamos.  (texto adaptado por Cris Viseu, 02-2025)",2025-05-10 03:59:15,guardiao_verde
45,TEIAS Blog: Reflexões Cósmicas e Coletivas no Alinhamento Planetário - Podcast Dois de Muitos,"No lançamento de mais uma semente de reflexão, o TEIAS Blog apresenta o primeiro episódio do podcast Dois de Muitos, que aborda um tema cósmico e transformador: o Alinhamento Planetário ocorrido em 25/01/2025. Este fenômeno foi marcado por eventos significativos no cenário global, incluindo novos acordos nos EUA, e serviu como ponto de partida para uma conversa profunda sobre a consciência planetária e coletiva.

Em uma abordagem leve e envolvente, exploramos como os ciclos astrológicos e a Era de Aquário se entrelaçam com os movimentos sociais e as transições globais, refletindo sobre a agenda planetária, a Transição Planetária e a elevação da consciência da humanidade. O episódio é enriquecido por vivências reais, músicas autorais e poesias, e também apresenta a ferramenta AVATAR – um método inovador para tornar essas transformações mais fluidas e conscientes.

Junte-se a nós e embarque nessa jornada de autoconhecimento e evolução coletiva!
(adaptado JT Veiga)",2025-05-10 04:01:41,admin
46,Mini Curso AVATAR da Vontade: Despertando a Determinação para a Criação Consciente,"A formação do seu Avatar – a versão de si mesmo que você apresenta ao mundo – não é algo que você escolheu de forma consciente. Ela foi construída ao longo do tempo, muitas vezes sem a sua permissão, através das influências da família, da mídia, dos grupos sociais e da própria sociedade em que você vive. Essas forças, que atuam sobre você desde o momento da sua chegada à Terra, moldam profundamente a sua identidade e as formas de agir no mundo.

Mas o que acontece quando você percebe que a configuração do seu ser não condiz mais com as suas verdadeiras intenções e desejos? Como começar a reverter essa influência e criar um Avatar que esteja alinhado com a sua essência e os seus atuais propósitos de vida? A resposta está em um processo de auto-empoderamento, e uma das chaves principais para essa transformação é a Vontade.

A Vontade é o motor interno que pode reverter fluxos automáticos e padrões indesejados que já estão enraizados no seu cotidiano, aqueles que você herda da Matrix social e que não correspondem ao seu real desejo de criação no mundo. Para desenvolver essa força interna, é preciso trabalhar a determinacão e entender como cultivar esse músculo da consciência.

É com esse objetivo que convidamos você para o nosso Mini Curso AVATAR da Vontade: Determinação, que acontecerá na quinta-feira, 23.01.2025, às 19h. Juntos, vamos explorar como fortalecer sua vontade de criar um Avatar mais alinhado com seus verdadeiros propósitos, dando-lhe as ferramentas para modificar sua trajetória e sua experiência no mundo.

Você está pronto para assumir a responsabilidade pela criação do seu Avatar e mudar os fluxos que não servem mais? Então, não perca essa oportunidade de despertar sua força interior e dar um novo direcionamento à sua jornada!
(adaptado de textos Cris Viseu, @avatar - todos direitos reservados)",2025-05-10 04:05:10,admin
47,"A Última Dança: Reflexões Sobre o Fim e a Transformação""","Texto do Blog:

Um dia será o seu último gole,
o último suspiro,
o último amanhecer.
Abrir os olhos,
raios de luz penetrando em seu espírito,
invadindo seu corpo.

Um dia você levantará pela última vez,
abraçará pela última vez,
sentirá os gostos, os cheiros, os sons.
E nesse dia,
você observará mais atento, mais lento,
notará o balançar e soprar do vento,
os cantos dos pássaros,
todos os sons se misturando,
se separando diante de você.
Um dia, todos eles serão
tão presentes, tão intensos,
que perceberá o entrelaçamento,
a apresentação,
como uma dança celeste.

E lentamente,
pequenos pontos de luz descerão,
tão próximos,
uma tela multidimensional se formará à sua frente.
E também serão convidados
todos os intramundos,
pequenas partículas,
inferiores como um exército de micros,
formigas que subirão rapidamente aos seus pés,
te fixarão como parte
dessa densidade ancestral,
que te invadirá
rapidamente,
subindo pela coluna,
até o centro do seu coração.

E liberará uma pequena partícula,
muito intensa, muito brilhante,
que irá compor
o pequeno teatro que se forma à sua frente.
Será como uma dançarina,
completando seu figurino,
e sua participação
concluirá, então,
a grande peça.

Com Amor e sabedoria,
Jackson T. Veiga
11.01.2025",2025-05-10 04:07:40,arte_ancestral
48,TEIAS: A Multidão Silenciosa: Reflexões sobre a Conexão com a Mãe Divina,"Caminhei lentamente por entre as árvores,
observando com muito esforço a sua grandeza.
Então, comecei a sentir que, naquele caminhar,
o vazio preenchia pouco a pouco.
Percebi que, a cada passo, meu movimento
estava acompanhado.
Era como se, no silêncio,
no vazio,
uma multidão me acompanhava.

Suas raízes, mais profundas, entrelaçavam-se em mim.
Repetindo este movimento, percebia-me agora fazer parte.
Já não estava ali como um observador.
Comecei a sentir que fomos doutrinados
a exercer uma postura de superioridade
sobre a mãe divina, sobre a rainha,
o ""grande feminino"".
Por épocas, criamos tapetes
impedindo o seu esplendor,
desenvolvemos formas sem vida
para suprir essa necessidade de vazio.

E pouco a pouco, diante do nosso Ego machista,
a rainha tornou-se sutil.
Nessa viagem nossa,
acostumando-nos a sentir,
a observar como um objeto,
como posse,
como mais uma coisa que, por vezes,
nos impede o progresso.

Grande erro o nosso.
Nos distancia da fonte,
nos faz pequeninos,
vazios e perdidos em um espaço sem fim,
à deriva de suas raízes.

Jackson T. Veiga (2023)",2025-05-10 04:09:28,admin
49,Estratégia da Plataforma TEIAS: A Moeda Digital e o Caminho do Semeador,"Aqui na plataforma TEIAS, estamos criando um espaço onde cada pessoa tem a oportunidade de se tornar um Semeador, alguém que não apenas consome, mas também contribui com o crescimento e desenvolvimento do Jardim. Para tornar esse processo mais fluido e eficaz, pensamos em uma estratégia que envolve uma moeda digital própria, onde a cada interação e contribuição, você acumula sementes que abrem portas para novas experiências e conteúdos.

No começo, alguns poucos conteúdos estarão disponíveis para todos, conteúdos que são essenciais para a entrada de novos Semeadores. O restante do conteúdo será listado, mas travado para visualização, aguardando que o Semeador acumule sementes ao longo do tempo. Este modelo é uma forma de incentivar o engajamento contínuo e a contribuição ativa, ao mesmo tempo que mantém o espaço organizado e acessível conforme o progresso de cada indivíduo.

Para começar a jornada dentro do Jardim, o convidado precisa se encontrar dentro das possibilidades oferecidas pela plataforma, explorando o que está disponível e entendendo como se conectar com o propósito da comunidade. Para se tornar um Semeador de fato, é necessário trazer algumas sementes e completar dois treinos iniciais: o Treino de Boas-Vindas e o Treino Semeando. Esses treinos são fundamentais para alinhar o semeador com os princípios do Jardim e prepará-lo para a contribuição real.

Este modelo de engajamento, baseado na acumulação de sementes e na progressão gradual, visa criar uma experiência rica e profunda de cocreação, onde cada pessoa tem sua jornada e contribui com o que tem de melhor para o crescimento coletivo.

Venha ser um Semeador no Jardim TEIAS, e compartilhe sua luz com o mundo!
(adaptado, reflexos estrategicos TEIAS, 2024)",2025-05-10 04:12:12,guardiao_verde
50,Dansando com o Vento: Reflexões Cósmicas nas Folhas de Montana,"Observe las hojas de los fresnos de Montana,
bailar luminosas,
soprar en tonos anaranjados y amarillos al viento.
El universo, lejano,
flotaba en su vastedad infinita,
un resplandeciente velo de creación.
Una antigua orquestación de la carencia.

Había unidad,
y dentro de esa unidad,
había un observar,
un movimiento en espiral,
de hojas anaranjadas y amarillas.
No había separación entre el observar
y el movimiento en espiral.

Era como si, en ese instante eterno,
todo se fundiera en un solo suspiro,
en una danza de luz y sombra,
un susurro cósmico que trascendía
toda diferencia,
toda distancia.

Cada hoja que caía era una chispa del cosmos,
cada giro en el viento, un eco de las estrellas.
No había separación, solo el uno.
El movimiento de las hojas
era el mismo que el de las galaxias.
Una danza infinita,
un espiral cósmico que,
en su silencio,
nos susurra la unidad del todo.

Poema recortado na imensidão do Universo, JTVEIGA
08.01.2025",2025-05-10 04:14:23,arte_ancestral
51,TEIAS: O Encantamento Que Criamos,"Disse Manoel de Barros: ""A importância de uma coisa, há que ser medida pelo encantamento que a coisa produza em nós.""

É uma frase que carrega a leveza da poesia e a profundidade da reflexão. Sim, é bonito... mas, ao me perder nesses versos, pergunto-me: será que não é a gente, em sua essência, que cria o encantamento e não a coisa em si?

É verdade, o mundo está repleto de beleza, e ele se oferece ao nosso olhar, mas talvez a verdadeira magia resida em como escolhemos vê-lo, como o recebemos e, principalmente, como o sentimos. O que é o encantamento senão a nossa capacidade de nos abrir para o que nos rodeia, de criar laços com o invisível, de perceber que há mais nas entrelinhas do que em sua superfície?

No TEIAS, onde nos encontramos, somos todos semeadores, entrelaçados em uma rede invisível, como fios de uma grande trama que se tece à medida que damos nosso passo. A plataforma é como um jardim fértil que nos oferece suas sementes – ideias, experiências, aprendizados. Mas, ao final, somos nós quem escolhemos, em nosso coração e alma, como essas sementes irão germinar.

Aqui, o encantamento não vem do que a plataforma oferece, mas da forma como cada um de nós se conecta com ela. A magia acontece no movimento de cada um, ao se entrelaçar com os outros, ao deixar-se inspirar, ao criar e transformar. A coisa, o ""meio"", o TEIAS, são apenas instrumentos. O verdadeiro encantamento surge do que somos capazes de gerar a partir desse encontro: ideias compartilhadas, sentimentos trocados, reflexões que iluminam e geram novos caminhos.

Portanto, talvez o que o poeta nos diz seja mais verdadeiro do que parece. Não é a coisa que tem poder de encantar, mas nossa capacidade de mergulhar nela, de fazê-la ressoar em nós, de encontrar nela algo mais profundo. Cada um de nós, como semeador, é um criador desse encantamento.

No TEIAS, o convite é para que cada um se permita se perder na rede, sem medo de se deixar tocar pelo encantamento. Pois, no fim das contas, é assim que a magia acontece: quando a criamos com as mãos do nosso espírito e as raízes do nosso coração.
(Texto TEIAS, 1 Semestre, 2025, JTVEIGA)",2025-05-10 04:17:16,guardiao_verde
52,Artigo desafios em grupos em transição para o campo e gestão coletiva,"Este estudo explora os desafios na formação de grupos e na gestão coletiva de propriedades rurais, com foco no desenvolvimento comunitário sustentável. Muitos indivíduos aspiram a um estilo de vida regenerativo, incluindo agrossilvicultura, bioconstrução e práticas sustentáveis. No entanto, enfrentam frequentemente desafios de adaptação emocional e mental quando fazem a transição para a vida rural, influenciados pela sua origem em ambientes urbanos que enfatizam as estruturas familiares nucleares e a propriedade privada. Esta pesquisa visa identificar as principais dificuldades em tais transições, abordando particularmente por que as iniciativas de vida comunitária, como as ecovilas, muitas vezes enfrentam dificuldades em comparação com modelos comunitários mais tradicionais, como os quilombos e as aldeias indígenas.

O problema central da investigação é compreender como melhorar a taxa de sucesso da formação de grupos colectivos nas zonas rurais, abordando tanto a dinâmica de grupo como os desafios de adaptação individual. Para resolver isso, propomos um sistema de perfil que mapeia características individuais através de um questionário, incluindo perguntas que investigam aspectos subconscientes e subjetivos, como resposta ao estresse, agressão e sistemas de crenças.

Os resultados preliminares indicam que uma compreensão mais profunda dos perfis individuais pode fornecer informações valiosas sobre a sua adequação para a vida comunitária. Estas conclusões destacam a importância do desenvolvimento pessoal como um fator-chave na construção de comunidades resilientes e coesas, oferecendo uma abordagem mais personalizada para apoiar a transição da vida coletiva urbana para a rural.
(texto adaptado JTVEIGA, com base em entrevistas reais - 2024)",2025-05-10 04:21:18,admin
53,Ecovilas: Modelos de Sustentabilidade e Regeneração Coletiva,"As ecovilas têm se destacado como experimentos sociais e ecológicos que buscam redefinir o modo como vivemos em comunidade, promovendo um estilo de vida mais sustentável e consciente. Nascidas como parte de movimentos pacifistas e de contracultura nas décadas de 1960 e 1970, essas comunidades intencionais almejam restaurar a harmonia entre os seres humanos e a natureza, sendo exemplos concretos de práticas regenerativas e ecológicas.
O Que São Ecovilas?

Ecovilas são comunidades organizadas intencionalmente, projetadas para se tornarem autossustentáveis através da permacultura, gestão coletiva e princípios regenerativos. Elas surgem com o propósito de criar uma alternativa ao modelo tradicional de vida urbana, que muitas vezes é marcado pela exploração dos recursos naturais e pela desconexão entre as pessoas e o meio ambiente. As ecovilas buscam unir as quatro dimensões da sustentabilidade: social, cultural, ecológica e econômica.

Essas comunidades são formadas a partir de processos participativos e igualitários, nos quais todos os membros têm voz ativa nas decisões, promovendo um sistema mais justo e regenerador tanto para as pessoas quanto para o planeta. Para além de um modelo de habitação, as ecovilas se tornam centros de aprendizado e experimentação, onde práticas ecológicas, como a permacultura, são testadas e implementadas.
Exemplos de Ecovilas Brasileiras

No Brasil, algumas ecovilas estão ganhando destaque e servindo de exemplo para o mundo. Entre elas, podemos destacar a Ecovila Sustentar, a Ecovila Atlântica e a Ecovila Amanair. Essas comunidades não apenas proporcionam espaços de convivência regenerativa, mas também atuam como laboratórios de práticas ecológicas e comunitárias, oferecendo educação e inspiração para aqueles que buscam alternativas ao modelo de vida convencional.

Ecovila Sustentar, por exemplo, é uma referência em termos de práticas de agricultura regenerativa, onde os moradores se dedicam à produção de alimentos de forma orgânica e sustentável. A Ecovila Atlântica foca em um modelo de habitação que integra a paisagem natural e promove a preservação ambiental através de técnicas como a construção com materiais naturais e o uso de energias renováveis. Já a Ecovila Amanair é um exemplo de comunidade que busca integrar a espiritualidade com a ecologia, criando espaços de cura e reconexão com a natureza.
Ecovilas como Catalisadores de Transformações

A proposta mais recente, que vem ganhando força dentro do movimento das ecovilas, é a ideia de que essas comunidades podem se tornar canais para direcionar capital e recursos financeiros para a estruturação de territórios regenerativos. Isso significa que as ecovilas não são apenas espaços de convivência sustentável, mas também podem ser motoras de transformação social e econômica.

Ian, um defensor dessa abordagem, propõe que ao integrar práticas regenerativas com gestão financeira consciente, as ecovilas podem se tornar modelos para um novo sistema econômico que não se baseia na exploração, mas na regeneração. Ao atrair investimentos direcionados à regeneração dos territórios, essas comunidades se tornam pontes para a reconfiguração da relação entre capital e natureza, mostrando que é possível crescer economicamente sem causar danos ao meio ambiente.
O Surgimento das Ecovilas

As ecovilas nasceram de um contexto histórico de busca por alternativas às convenções da sociedade industrializada e urbanizada. Nos anos 70, inspiradas pelos movimentos pacifistas, ecológicos e de direitos humanos, as ecovilas começaram a surgir como uma resposta direta ao sistema econômico e social da época. Eram e continuam a ser comunidades que desafiam as normas tradicionais e buscam uma forma de vida mais conectada com a Terra e uns com os outros.

A definição clássica, conforme o Global Ecovillage Network (GEN), descreve as ecovilas como ""comunidades intencionais, tradicionais ou urbanas, conscientemente projetadas por locais, fundadas com base nas quatro dimensões da sustentabilidade, por processos participativos e igualitários, para regenerar ambientes sociais e naturais.""
Conclusão: Ecovilas como o Futuro da Sustentabilidade

As ecovilas representam uma forma de resistir ao modelo predatório de desenvolvimento que tem dominado o planeta, oferecendo um caminho mais equilibrado e regenerativo para as gerações futuras. Elas não apenas enfrentam os desafios ecológicos e sociais da atualidade, mas também mostram que é possível viver de forma mais integrada com a natureza, cultivando a colaboração, a inovação e a regeneração.

Em tempos onde o planeta clama por soluções sustentáveis e práticas regenerativas, as ecovilas oferecem não apenas um refúgio, mas um modelo de transformação. Elas são a resposta para quem busca viver de maneira mais plena, consciente e em sintonia com o mundo que habitamos. E ao promoverem a troca de conhecimentos e recursos, essas comunidades se tornam laboratórios vivos, nos ensinando a construir um futuro mais equilibrado e harmonioso.

Se você sente que a mudança começa com uma ação comunitária, as ecovilas podem ser o lugar onde sua jornada de transformação começa.

Fontes:

    Global Ecovillage Network (GEN), 2020

    Ecovila Sustentar, Ecovila Atlântica, Ecovila Amanair (visitas e relatos locais)",2025-05-10 04:24:13,admin
